{"cameraMode":{"drawMode":0,"name":"Shaded","section":"Shading Mode"},"sceneLighting":true,"audioPlay":false,"sceneViewState":{"m_AlwaysRefresh":false,"showFog":true,"showSkybox":true,"showFlares":true,"showImageEffects":true,"showParticleSystems":true,"showVisualEffectGraphs":true,"m_FxEnabled":true},"in2DMode":false,"pivot":{"x":-0.34127411246299746,"y":1.4284454584121705,"z":-5.092082977294922},"rotation":{"x":-0.06918181478977204,"y":0.048155754804611209,"z":-0.0032273419201374056,"w":-0.996485710144043},"size":2.7548272609710695,"orthographic":false}