{"cameraMode":{"drawMode":0,"name":"Shaded","section":"Shading Mode"},"sceneLighting":false,"audioPlay":false,"sceneViewState":{"m_AlwaysRefresh":false,"showFog":true,"showSkybox":false,"showFlares":true,"showImageEffects":true,"showParticleSystems":true,"showVisualEffectGraphs":true,"m_FxEnabled":true},"in2DMode":false,"pivot":{"x":0.8335362672805786,"y":-8.084674835205079,"z":17.08476448059082},"rotation":{"x":0.22026997804641725,"y":-0.043569426983594897,"z":0.009886587969958783,"w":0.9744715690612793},"size":11.648475646972657,"orthographic":false}